id,name,branch,location
1,SATYAM INSTITUTE OF ENGINEERING & TECHNOLOGY,COMPUTER SCIENCE AND ENGINEERING,Punjab
2,SATYAM INSTITUTE OF ENGINEERING & TECHNOLOGY,MECHANICAL ENGINEERING,Punjab
3,SATYAM INSTITUTE OF ENGINEERING & TECHNOLOGY,CIVIL ENGINEERING,Punjab
4,SATYAM INSTITUTE OF ENGINEERING & TECHNOLOGY,COMPUTER SCIENCE & ENGINEERING,Punjab
5,SATYAM INSTITUTE OF ENGINEERING & TECHNOLOGY,ELECTRICAL AND ELECTRONICS ENGINEERING,Punjab
6,SATYAM INSTITUTE OF ENGINEERING & TECHNOLOGY,ELECTRONICS & COMMUNICATION ENGG,Punjab
7,SATYAM INSTITUTE OF ENGINEERING & TECHNOLOGY,MECHANICAL ENGINEERING,Punjab
8,LYALLPUR KHALSA COLLEGE TECHNICAL CAMPUS,CIVIL ENGINEERING,Punjab
9,LYALLPUR KHALSA COLLEGE TECHNICAL CAMPUS,COMPUTER SCIENCE & ENGINEERING,Punjab
10,LYALLPUR KHALSA COLLEGE TECHNICAL CAMPUS,MECHANICAL ENGINEERING,Punjab
11,LYALLPUR KHALSA COLLEGE TECHNICAL CAMPUS,DATA SCIENCE,Punjab
12,LYALLPUR KHALSA COLLEGE TECHNICAL CAMPUS,CIVIL ENGINEERING,Punjab
13,LYALLPUR KHALSA COLLEGE TECHNICAL CAMPUS,COMPUTER SCIENCE & ENGINEERING,Punjab
14,LYALLPUR KHALSA COLLEGE TECHNICAL CAMPUS,ELECTRONICS & COMMUNICATION ENGG,Punjab
15,LYALLPUR KHALSA COLLEGE TECHNICAL CAMPUS,MECHANICAL ENGINEERING,Punjab
16,LYALLPUR KHALSA COLLEGE TECHNICAL CAMPUS,HOTEL MANAGEMENT AND CATERING TECHNOLOGY,Punjab
17,LYALLPUR KHALSA COLLEGE TECHNICAL CAMPUS,MBA,Punjab
18,LYALLPUR KHALSA COLLEGE TECHNICAL CAMPUS,MASTERS IN COMPUTER APPLICATIONS,Punjab
19,GULZAR COLLEGE OF ENGINEERING,AUTOMATION AND ROBOTICS,Punjab
20,GULZAR COLLEGE OF ENGINEERING,AUTOMOBILE ENGINEERING,Punjab
21,GULZAR COLLEGE OF ENGINEERING,COMPUTER SCIENCE AND ENGINEERING (DATA SCIENCE),Punjab
22,GULZAR COLLEGE OF ENGINEERING,COMPUTER SCIENCE AND ENGINEERING (INTERNET OF THINGS AND CYBER SECURITY INCLUDING BLOCK CHAIN TECHNO,Punjab
23,GULZAR COLLEGE OF ENGINEERING,COMPUTER SCIENCE AND ENGINEERING(ARTIFICIAL INTELLIGENCE AND MACHINE LEARNING),Punjab
24,GULZAR COLLEGE OF ENGINEERING,ELECTRONICS AND ELECTRICAL ENGINEERING,Punjab
25,GULZAR COLLEGE OF ENGINEERING,INFORMATION TECHNOLOGY,Punjab
26,GURU NANAK DEV ENGINEERING COLLEGE,COMPUTER SCIENCE AND ENGINEERING,Punjab
27,GURU NANAK DEV ENGINEERING COLLEGE,COMPUTER SCIENCE AND INFORMATION TECHNOLOGY,Punjab
28,GURU NANAK DEV ENGINEERING COLLEGE,ELECTRICAL ENGINEERING,Punjab
29,GURU NANAK DEV ENGINEERING COLLEGE,ELECTRONICS AND COMMUNICATIONS ENGINEERING,Punjab
30,GURU NANAK DEV ENGINEERING COLLEGE,ENVIRONMENTAL SCIENCE AND ENGINEERING,Punjab
31,GURU NANAK DEV ENGINEERING COLLEGE,GEOTECHNICAL ENGINEERING,Punjab
32,GURU NANAK DEV ENGINEERING COLLEGE,MECHANICAL ENGINEERING,Punjab
33,GURU NANAK DEV ENGINEERING COLLEGE,POWER ENGINEERING,Punjab
34,GURU NANAK DEV ENGINEERING COLLEGE,PRODUCTION ENGINEERING,Punjab
35,GURU NANAK DEV ENGINEERING COLLEGE,SOIL MECHANICS AND FOUNDATION ENGINEERING,Punjab
36,GURU NANAK DEV ENGINEERING COLLEGE,STRUCTURAL ENGINEERING,Punjab
37,GURU NANAK DEV ENGINEERING COLLEGE,CIVIL ENGINEERING,Punjab
38,GURU NANAK DEV ENGINEERING COLLEGE,COMPUTER SCIENCE AND ENGINEERING,Punjab
39,GURU NANAK DEV ENGINEERING COLLEGE,ELECTRICAL ENGINEERING,Punjab
40,GURU NANAK DEV ENGINEERING COLLEGE,ELECTRONICS & COMMUNICATION ENGG,Punjab
41,GURU NANAK DEV ENGINEERING COLLEGE,INFORMATION TECHNOLOGY,Punjab
42,GURU NANAK DEV ENGINEERING COLLEGE,MECHANICAL ENGINEERING,Punjab
43,GURU NANAK DEV ENGINEERING COLLEGE,MECHANICAL ENGINEERING (PRODUCTION),Punjab
44,GURU NANAK DEV ENGINEERING COLLEGE,MBA,Punjab
45,GURU NANAK DEV ENGINEERING COLLEGE,MASTERS IN COMPUTER APPLICATIONS,Punjab
46,DEPARTMENT OF COMPUTER SCIENCE AND ENGINEERING,COMPUTER SCIENCE AND ENGINEERING,Punjab
47,DEPARTMENT OF COMPUTER SCIENCE AND ENGINEERING,COMPUTER ENGINEERING,Punjab
48,DAV INSTITUTE OF ENGINEERING & TECHNOLOGY,CIVIL (STRUCTURAL ENGINEERING),Punjab
49,DAV INSTITUTE OF ENGINEERING & TECHNOLOGY,COMPUTER SCIENCE AND ENGINEERING (ARTIFICIAL INTELLIGENCE AND MACHINE LEARNING),Punjab
50,DAV INSTITUTE OF ENGINEERING & TECHNOLOGY,CIVIL ENGINEERING,Punjab
51,DAV INSTITUTE OF ENGINEERING & TECHNOLOGY,COMPUTER SCIENCE & ENGINEERING,Punjab
52,DAV INSTITUTE OF ENGINEERING & TECHNOLOGY,COMPUTER SCIENCE AND ENGINEERING (ARTIFICIAL INTELLIGENCE AND MACHINE LEARNING),Punjab
53,DAV INSTITUTE OF ENGINEERING & TECHNOLOGY,ELECTRICAL ENGINEERING,Punjab
54,DAV INSTITUTE OF ENGINEERING & TECHNOLOGY,ELECTRONICS AND COMMUNICATIONS ENGINEERING,Punjab
55,DAV INSTITUTE OF ENGINEERING & TECHNOLOGY,MECHANICAL ENGINEERING,Punjab
56,DAV INSTITUTE OF ENGINEERING & TECHNOLOGY,MBA,Punjab
57,DAV INSTITUTE OF ENGINEERING & TECHNOLOGY,MASTER OF COMPUTER APPLICATIONS,Punjab
58,"MALOUT INSTITUTE OF MANAGEMENT AND INFORMATION TECHNOLOGY, MALOUT",COMPUTER SCIENCE & ENGINEERING,Punjab
59,"MALOUT INSTITUTE OF MANAGEMENT AND INFORMATION TECHNOLOGY, MALOUT",ELECTRONICS & COMMUNICATION ENGG,Punjab
60,"MALOUT INSTITUTE OF MANAGEMENT AND INFORMATION TECHNOLOGY, MALOUT",INFORMATION TECHNOLOGY,Punjab
61,"MALOUT INSTITUTE OF MANAGEMENT AND INFORMATION TECHNOLOGY, MALOUT",MECHANICAL ENGINEERING,Punjab
62,"MALOUT INSTITUTE OF MANAGEMENT AND INFORMATION TECHNOLOGY, MALOUT",MBA,Punjab
63,"UNIVERSAL GROUP OF INSTITUTIONS (UNIVERSAL SCHOOL OF ENGG., UNIVERSAL BUSINESS SCHOOL)",CIVIL ENGINEERING,Punjab
64,"UNIVERSAL GROUP OF INSTITUTIONS (UNIVERSAL SCHOOL OF ENGG., UNIVERSAL BUSINESS SCHOOL)",COMPUTER SCIENCE AND ENGINEERING,Punjab
65,"UNIVERSAL GROUP OF INSTITUTIONS (UNIVERSAL SCHOOL OF ENGG., UNIVERSAL BUSINESS SCHOOL)",ELECTRONICS & COMMUNICATION ENGG,Punjab
66,"UNIVERSAL GROUP OF INSTITUTIONS (UNIVERSAL SCHOOL OF ENGG., UNIVERSAL BUSINESS SCHOOL)",MECHANICAL ENGINEERING,Punjab
67,"UNIVERSAL GROUP OF INSTITUTIONS (UNIVERSAL SCHOOL OF ENGG., UNIVERSAL BUSINESS SCHOOL)",CIVIL ENGINEERING,Punjab
68,"UNIVERSAL GROUP OF INSTITUTIONS (UNIVERSAL SCHOOL OF ENGG., UNIVERSAL BUSINESS SCHOOL)",COMPUTER SCIENCE AND ENGINEERING,Punjab
69,"UNIVERSAL GROUP OF INSTITUTIONS (UNIVERSAL SCHOOL OF ENGG., UNIVERSAL BUSINESS SCHOOL)",ELECTRICAL ENGINEERING,Punjab
70,"UNIVERSAL GROUP OF INSTITUTIONS (UNIVERSAL SCHOOL OF ENGG., UNIVERSAL BUSINESS SCHOOL)",ELECTRONICS & COMMUNICATION ENGG,Punjab
71,"UNIVERSAL GROUP OF INSTITUTIONS (UNIVERSAL SCHOOL OF ENGG., UNIVERSAL BUSINESS SCHOOL)",MECHANICAL ENGINEERING,Punjab
72,"UNIVERSAL GROUP OF INSTITUTIONS (UNIVERSAL SCHOOL OF ENGG., UNIVERSAL BUSINESS SCHOOL)",MBA,Punjab
73,"ARYABHATTA GROUP OF INSTITUTES,BARNALA",COMPUTER SCIENCE & ENGINEERING,Punjab
74,"ARYABHATTA GROUP OF INSTITUTES,BARNALA",ELECTRICAL ENGINEERING,Punjab
75,"ARYABHATTA GROUP OF INSTITUTES,BARNALA",ELECTRONICS & COMMUNICATION ENGG,Punjab
76,"ARYABHATTA GROUP OF INSTITUTES,BARNALA",MECHANICAL ENGINEERING,Punjab
77,"ARYABHATTA GROUP OF INSTITUTES,BARNALA",MBA,Punjab
78,GIANI ZAIL SINGH CAMPUS COLLEGE OF ENGINEERING AND TECHNOLOGY MRSPTU BATHINDA,COMPUTER SCIENCE & ENGINEERING,Punjab
79,GIANI ZAIL SINGH CAMPUS COLLEGE OF ENGINEERING AND TECHNOLOGY MRSPTU BATHINDA,CONSTRUCTION TECHNOLOGY AND MANAGEMENT,Punjab
80,GIANI ZAIL SINGH CAMPUS COLLEGE OF ENGINEERING AND TECHNOLOGY MRSPTU BATHINDA,MECHANICAL ENGINEERING,Punjab
81,GIANI ZAIL SINGH CAMPUS COLLEGE OF ENGINEERING AND TECHNOLOGY MRSPTU BATHINDA,CIVIL ENGINEERING,Punjab
82,GIANI ZAIL SINGH CAMPUS COLLEGE OF ENGINEERING AND TECHNOLOGY MRSPTU BATHINDA,COMPUTER SCIENCE & ENGINEERING,Punjab
83,GIANI ZAIL SINGH CAMPUS COLLEGE OF ENGINEERING AND TECHNOLOGY MRSPTU BATHINDA,COMPUTER SCIENCE AND ENGINEERING,Punjab
84,GIANI ZAIL SINGH CAMPUS COLLEGE OF ENGINEERING AND TECHNOLOGY MRSPTU BATHINDA,ELECTRICAL ENGINEERING,Punjab
85,GIANI ZAIL SINGH CAMPUS COLLEGE OF ENGINEERING AND TECHNOLOGY MRSPTU BATHINDA,ELECTRONICS & COMMUNICATION ENGG,Punjab
86,GIANI ZAIL SINGH CAMPUS COLLEGE OF ENGINEERING AND TECHNOLOGY MRSPTU BATHINDA,MECHANICAL ENGINEERING,Punjab
87,GIANI ZAIL SINGH CAMPUS COLLEGE OF ENGINEERING AND TECHNOLOGY MRSPTU BATHINDA,TEXTILE ENGINEERING,Punjab
88,AKLIA EDUCATIONAL AND RESEARCH SOCIETY GROUP OF INSTITUTIONS,CIVIL ENGINEERING,Punjab
89,AKLIA EDUCATIONAL AND RESEARCH SOCIETY GROUP OF INSTITUTIONS,COMPUTER SCIENCE AND ENGINEERING,Punjab
90,AKLIA EDUCATIONAL AND RESEARCH SOCIETY GROUP OF INSTITUTIONS,ELECTRICAL ENGINEERING,Punjab
91,AKLIA EDUCATIONAL AND RESEARCH SOCIETY GROUP OF INSTITUTIONS,MECHANICAL ENGINEERING,Punjab
92,AKLIA EDUCATIONAL AND RESEARCH SOCIETY GROUP OF INSTITUTIONS,MBA,Punjab
93,AKLIA EDUCATIONAL AND RESEARCH SOCIETY GROUP OF INSTITUTIONS,MASTERS IN COMPUTER APPLICATIONS,Punjab
94,INDO GLOBAL COLLEGE OF ENGINEERING,CIVIL ENGINEERING,Punjab
95,INDO GLOBAL COLLEGE OF ENGINEERING,MECHANICAL ENGINEERING,Punjab
96,INDO GLOBAL COLLEGE OF ENGINEERING,CIVIL ENGINEERING,Punjab
97,INDO GLOBAL COLLEGE OF ENGINEERING,COMPUTER SCIENCE AND ENGINEERING,Punjab
98,INDO GLOBAL COLLEGE OF ENGINEERING,ELECTRONICS & COMMUNICATION ENGG,Punjab
99,INDO GLOBAL COLLEGE OF ENGINEERING,CIVIL ENGINEERING,Punjab
100,INDO GLOBAL COLLEGE OF ENGINEERING,COMPUTER SCIENCE AND ENGINEERING,Punjab
101,INDO GLOBAL COLLEGE OF ENGINEERING,ELECTRONICS & COMMUNICATION ENGG,Punjab
102,INDO GLOBAL COLLEGE OF ENGINEERING,MECHANICAL ENGINEERING,Punjab
103,INDO GLOBAL COLLEGE OF ENGINEERING,MBA,Punjab
104,ANAND COLLEGE OF ENGINEERING & MANAGEMENT,CIVIL ENGINEERING,Punjab
105,ANAND COLLEGE OF ENGINEERING & MANAGEMENT,COMPUTER SCIENCE & ENGINEERING,Punjab
106,ANAND COLLEGE OF ENGINEERING & MANAGEMENT,MECHANICAL ENGINEERING,Punjab
107,ANAND COLLEGE OF ENGINEERING & MANAGEMENT,COMPUTER SCIENCE AND ENGINEERING,Punjab
108,ANAND COLLEGE OF ENGINEERING & MANAGEMENT,MECHANICAL ENGINEERING,Punjab
109,"RAYAT GROUP OF INSTITUTIONS , ROPAR",COMPUTER SCIENCE & ENGINEERING,Punjab
110,"RAYAT GROUP OF INSTITUTIONS , ROPAR",ELECTRONICS & COMMUNICATION ENGG,Punjab
111,"RAYAT GROUP OF INSTITUTIONS , ROPAR",MECHANICAL ENGINEERING,Punjab
112,"RAYAT GROUP OF INSTITUTIONS , ROPAR",CIVIL ENGINEERING,Punjab
113,"RAYAT GROUP OF INSTITUTIONS , ROPAR",COMPUTER SCIENCE AND ENGINEERING,Punjab
114,"RAYAT GROUP OF INSTITUTIONS , ROPAR",ELECTRICAL ENGINEERING,Punjab
115,"RAYAT GROUP OF INSTITUTIONS , ROPAR",ELECTRONICS & COMMUNICATION ENGG,Punjab
116,"RAYAT GROUP OF INSTITUTIONS , ROPAR",MECHANICAL ENGINEERING,Punjab
117,"RAYAT GROUP OF INSTITUTIONS , ROPAR",MBA,Punjab
118,"RAYAT GROUP OF INSTITUTIONS , ROPAR",PHARMACEUTICAL CHEMISTRY,Punjab
119,"RAYAT GROUP OF INSTITUTIONS , ROPAR",PHARMACEUTICS,Punjab
120,"RAYAT GROUP OF INSTITUTIONS , ROPAR",PHARMACOLOGY,Punjab
121,"RAYAT GROUP OF INSTITUTIONS , ROPAR",PHARMACY,Punjab
122,DEPARTMENT OF ELECTRONICS AND COMMUNICATION ENGINEERING,ELECTRONICS AND COMMUNICATIONS ENGINEERING,Punjab
123,DEPARTMENT OF ELECTRONICS AND COMMUNICATION ENGINEERING,ELECTRONICS AND COMMUNICATIONS ENGINEERING,Punjab
124,DEPARTMENT OF ELECTRONICS AND COMMUNICATION ENGINEERING,ELECTRONICS AND COMPUTER ENGINEERING,Punjab
125,ST. SOLDIER GROUP OF INSTITUTIONS,COMPUTER SCIENCE & ENGINEERING,Punjab
126,ST. SOLDIER GROUP OF INSTITUTIONS,MECHANICAL ENGINEERING,Punjab
127,ST. SOLDIER GROUP OF INSTITUTIONS,AUTOMOBILE ENGINEERING,Punjab
128,ST. SOLDIER GROUP OF INSTITUTIONS,CIVIL ENGINEERING,Punjab
129,ST. SOLDIER GROUP OF INSTITUTIONS,COMPUTER SCIENCE AND ENGINEERING,Punjab
130,ST. SOLDIER GROUP OF INSTITUTIONS,ELECTRICAL ENGINEERING,Punjab
131,ST. SOLDIER GROUP OF INSTITUTIONS,ELECTRONICS & COMMUNICATION ENGG,Punjab
132,ST. SOLDIER GROUP OF INSTITUTIONS,MECHANICAL ENGINEERING,Punjab
133,ST. SOLDIER GROUP OF INSTITUTIONS,TOOL ENGINEERING,Punjab
134,ST. SOLDIER GROUP OF INSTITUTIONS,MBA,Punjab
135,RADICAL TECHNICAL INSTITUTE,CIVIL ENGINEERING,Punjab
136,RADICAL TECHNICAL INSTITUTE,MECHANICAL ENGINEERING,Punjab
137,RADICAL TECHNICAL INSTITUTE,CIVIL ENGINEERING,Punjab
138,RADICAL TECHNICAL INSTITUTE,COMPUTER SCIENCE AND ENGINEERING,Punjab
139,RADICAL TECHNICAL INSTITUTE,ELECTRICAL ENGINEERING,Punjab
140,RADICAL TECHNICAL INSTITUTE,MECHANICAL ENGINEERING,Punjab
141,"LUDHIANA COLLEGE OF ENGINEERING & TECHNOLOGY, KATANI KALAN, LUDHIANA.",CIVIL ENGINEERING,Punjab
142,"LUDHIANA COLLEGE OF ENGINEERING & TECHNOLOGY, KATANI KALAN, LUDHIANA.",COMPUTER SCIENCE & ENGINEERING,Punjab
143,"LUDHIANA COLLEGE OF ENGINEERING & TECHNOLOGY, KATANI KALAN, LUDHIANA.",ELECTRONICS & COMMUNICATION ENGG,Punjab
144,"LUDHIANA COLLEGE OF ENGINEERING & TECHNOLOGY, KATANI KALAN, LUDHIANA.",MECHANICAL ENGINEERING,Punjab
145,"LUDHIANA COLLEGE OF ENGINEERING & TECHNOLOGY, KATANI KALAN, LUDHIANA.",MBA,Punjab
146,SHAHEED UDHAM SINGH COLLEGE OF ENGINEERING & TECHNOLOGY,BIOTECHNOLOGY,Punjab
147,SHAHEED UDHAM SINGH COLLEGE OF ENGINEERING & TECHNOLOGY,CAD/CAM ENGINEERING,Punjab
148,SHAHEED UDHAM SINGH COLLEGE OF ENGINEERING & TECHNOLOGY,COMPUTER SCIENCE & ENGINEERING,Punjab
149,SHAHEED UDHAM SINGH COLLEGE OF ENGINEERING & TECHNOLOGY,BIOTECHNOLOGY,Punjab
150,SHAHEED UDHAM SINGH COLLEGE OF ENGINEERING & TECHNOLOGY,COMPUTER SCIENCE AND ENGINEERING,Punjab
151,SHAHEED UDHAM SINGH COLLEGE OF ENGINEERING & TECHNOLOGY,ELECTRICAL ENGINEERING,Punjab
152,SHAHEED UDHAM SINGH COLLEGE OF ENGINEERING & TECHNOLOGY,ELECTRONICS & COMMUNICATION ENGG,Punjab
153,SHAHEED UDHAM SINGH COLLEGE OF ENGINEERING & TECHNOLOGY,MECHANICAL ENGINEERING,Punjab
154,SHAHEED UDHAM SINGH COLLEGE OF ENGINEERING & TECHNOLOGY,MBA,Punjab
155,"CT INSTIUTTE OF ENGINEERING, MANAGEMENT & TECHNOLOGY",COMPUTER SCIENCE AND ENGINEERING,Punjab
156,"CT INSTIUTTE OF ENGINEERING, MANAGEMENT & TECHNOLOGY",MECHANICAL ENGINEERING,Punjab
157,"CT INSTIUTTE OF ENGINEERING, MANAGEMENT & TECHNOLOGY",AUTOMOBILE ENGINEERING,Punjab
158,"CT INSTIUTTE OF ENGINEERING, MANAGEMENT & TECHNOLOGY",CIVIL ENGINEERING,Punjab
159,"CT INSTIUTTE OF ENGINEERING, MANAGEMENT & TECHNOLOGY",COMPUTER SCIENCE & ENGINEERING,Punjab
160,"CT INSTIUTTE OF ENGINEERING, MANAGEMENT & TECHNOLOGY",ELECTRICAL ENGINEERING,Punjab
161,"CT INSTIUTTE OF ENGINEERING, MANAGEMENT & TECHNOLOGY",ELECTRONICS & COMMUNICATION ENGG,Punjab
162,"CT INSTIUTTE OF ENGINEERING, MANAGEMENT & TECHNOLOGY",MECHANICAL ENGINEERING,Punjab
163,"CT INSTIUTTE OF ENGINEERING, MANAGEMENT & TECHNOLOGY",MBA,Punjab
164,"CT INSTIUTTE OF ENGINEERING, MANAGEMENT & TECHNOLOGY",MASTERS IN COMPUTER APPLICATIONS,Punjab
165,CHANDIGARH ENGINEERING COLLEGE JHANJERI,ARTIFICIAL INTELLIGENCE (AI) AND DATA SCIENCE,Punjab
166,CHANDIGARH ENGINEERING COLLEGE JHANJERI,ARTIFICIAL INTELLIGENCE AND MACHINE LEARNING,Punjab
167,CHANDIGARH ENGINEERING COLLEGE JHANJERI,CIVIL ENGINEERING,Punjab
168,CHANDIGARH ENGINEERING COLLEGE JHANJERI,COMPUTER SCIENCE & ENGINEERING,Punjab
169,CHANDIGARH ENGINEERING COLLEGE JHANJERI,ELECTRONICS & COMMUNICATION ENGG,Punjab
170,CHANDIGARH ENGINEERING COLLEGE JHANJERI,MECHANICAL ENGINEERING,Punjab
171,CHANDIGARH ENGINEERING COLLEGE JHANJERI,ROBOTICS AND ARTIFICIAL INTELLIGENCE,Punjab
172,GLOBAL GROUP OF INSTITUTES,CIVIL ENGINEERING,Punjab
173,GLOBAL GROUP OF INSTITUTES,COMPUTER SCIENCE & ENGINEERING,Punjab
174,GLOBAL GROUP OF INSTITUTES,ELECTRICAL ENGINEERING,Punjab
175,GLOBAL GROUP OF INSTITUTES,ELECTRONICS & COMMUNICATION ENGG,Punjab
176,GLOBAL GROUP OF INSTITUTES,MECHANICAL ENGINEERING,Punjab
177,GLOBAL GROUP OF INSTITUTES,ARTIFICIAL INTELLIGENCE AND MACHINE LEARNING,Punjab
178,GLOBAL GROUP OF INSTITUTES,CIVIL ENGINEERING,Punjab
179,GLOBAL GROUP OF INSTITUTES,COMPUTER SCIENCE AND ENGINEERING,Punjab
180,GLOBAL GROUP OF INSTITUTES,ELECTRONICS & COMMUNICATION ENGG,Punjab
181,GLOBAL GROUP OF INSTITUTES,INFORMATION TECHNOLOGY,Punjab
182,GLOBAL GROUP OF INSTITUTES,MECHANICAL ENGINEERING,Punjab
183,GLOBAL GROUP OF INSTITUTES,MBA,Punjab
184,GLOBAL GROUP OF INSTITUTES,MASTERS IN COMPUTER APPLICATIONS,Punjab
185,GLOBAL GROUP OF INSTITUTES,PHARMACY,Punjab
186,GLOBAL GROUP OF INSTITUTES,PHARMACY,Punjab
187,APEEJAY INSTITUTE OF MANAGEMENT AND ENGINEERING TECHNICAL CAMPUS,COMPUTER SCIENCE & ENGINEERING,Punjab
188,APEEJAY INSTITUTE OF MANAGEMENT AND ENGINEERING TECHNICAL CAMPUS,COMPUTER SCIENCE AND ENGINEERING (INTERNET OF THINGS AND CYBER SECURITY INCLUDING BLOCK CHAIN TECHNO,Punjab
189,APEEJAY INSTITUTE OF MANAGEMENT AND ENGINEERING TECHNICAL CAMPUS,COMPUTER SCIENCE AND ENGINEERING(ARTIFICIAL INTELLIGENCE AND MACHINE LEARNING),Punjab
190,APEEJAY INSTITUTE OF MANAGEMENT AND ENGINEERING TECHNICAL CAMPUS,MBA,Punjab
191,APEEJAY INSTITUTE OF MANAGEMENT AND ENGINEERING TECHNICAL CAMPUS,MASTERS IN COMPUTER APPLICATIONS,Punjab
192,SWIFT TECHNICAL CAMPUS,COMPUTER SCEINCE AND ENGINEERING,Punjab
193,SWIFT TECHNICAL CAMPUS,MECHANICAL ENGINEERING,Punjab
194,SWIFT TECHNICAL CAMPUS,MBA,Punjab
195,SHIV SHANKAR INSTITUTE OF ENGINEERING AND TECHNOLOGY,ELECTRONICS & COMMUNICATION ENGG,Punjab
196,SHIV SHANKAR INSTITUTE OF ENGINEERING AND TECHNOLOGY,CIVIL ENGINEERING,Punjab
197,SHIV SHANKAR INSTITUTE OF ENGINEERING AND TECHNOLOGY,COMPUTER SCIENCE AND ENGINEERING,Punjab
198,SHIV SHANKAR INSTITUTE OF ENGINEERING AND TECHNOLOGY,ELECTRONICS & COMMUNICATION ENGG,Punjab
199,SHIV SHANKAR INSTITUTE OF ENGINEERING AND TECHNOLOGY,MECHANICAL ENGINEERING,Punjab
200,BABA FARID COLLEGE OF ENGINEERING & TECHNOLOGY,COMPUTER SCIENCE AND ENGINEERING,Punjab
201,BABA FARID COLLEGE OF ENGINEERING & TECHNOLOGY,CIVIL ENGINEERING,Punjab
202,BABA FARID COLLEGE OF ENGINEERING & TECHNOLOGY,COMPUTER SCIENCE AND ENGINEERING,Punjab
203,BABA FARID COLLEGE OF ENGINEERING & TECHNOLOGY,ELECTRICAL ENGINEERING,Punjab
204,BABA FARID COLLEGE OF ENGINEERING & TECHNOLOGY,ELECTRONICS AND COMMUNICATIONS ENGINEERING,Punjab
205,BABA FARID COLLEGE OF ENGINEERING & TECHNOLOGY,MECHANICAL ENGINEERING,Punjab
206,MODERN GROUP OF COLLEGES,AUTOMOBILE ENGINEERING,Punjab
207,MODERN GROUP OF COLLEGES,CIVIL ENGINEERING,Punjab
208,MODERN GROUP OF COLLEGES,COMPUTER SCIENCE & ENGINEERING,Punjab
209,MODERN GROUP OF COLLEGES,ELECTRICAL ENGINEERING,Punjab
210,MODERN GROUP OF COLLEGES,MECHANICAL ENGINEERING,Punjab
211,SRI SUKHMANI INSTITUTE OF ENGINEERING & TECHNOLOGY,MECHANICAL ENGINEERING,Punjab
212,SRI SUKHMANI INSTITUTE OF ENGINEERING & TECHNOLOGY,CIVIL ENGINEERING,Punjab
213,SRI SUKHMANI INSTITUTE OF ENGINEERING & TECHNOLOGY,COMPUTER SCIENCE & ENGINEERING,Punjab
214,SRI SUKHMANI INSTITUTE OF ENGINEERING & TECHNOLOGY,ELECTRICAL ENGINEERING,Punjab
215,SRI SUKHMANI INSTITUTE OF ENGINEERING & TECHNOLOGY,ELECTRONICS & COMMUNICATION ENGG,Punjab
216,SRI SUKHMANI INSTITUTE OF ENGINEERING & TECHNOLOGY,MECHANICAL ENGINEERING,Punjab
217,SRI SUKHMANI INSTITUTE OF ENGINEERING & TECHNOLOGY,MBA,Punjab
218,SRI SUKHMANI INSTITUTE OF ENGINEERING & TECHNOLOGY,MASTERS IN COMPUTER APPLICATIONS,Punjab
219,SWAMI SARVANAND INSTITUTE OF ENGINEERING & TECHNOLOGY,CIVIL ENGINEERING,Punjab
220,SWAMI SARVANAND INSTITUTE OF ENGINEERING & TECHNOLOGY,COMPUTER SCIENCE & ENGINEERING,Punjab
221,SWAMI SARVANAND INSTITUTE OF ENGINEERING & TECHNOLOGY,MECHANICAL ENGINEERING,Punjab
222,SWAMI SARVANAND INSTITUTE OF ENGINEERING & TECHNOLOGY,COMPUTER SCIENCE & ENGINEERING,Punjab
223,SWAMI SARVANAND INSTITUTE OF ENGINEERING & TECHNOLOGY,MECHANICAL ENGINEERING,Punjab
224,SWAMI SARVANAND INSTITUTE OF ENGINEERING & TECHNOLOGY,CIVIL ENGINEERING,Punjab
225,SWAMI SARVANAND INSTITUTE OF ENGINEERING & TECHNOLOGY,COMPUTER SCIENCE AND ENGINEERING,Punjab
226,SWAMI SARVANAND INSTITUTE OF ENGINEERING & TECHNOLOGY,ELECTRICAL ENGINEERING,Punjab
227,SWAMI SARVANAND INSTITUTE OF ENGINEERING & TECHNOLOGY,ELECTRONICS AND COMMUNICATIONS ENGINEERING,Punjab
228,SWAMI SARVANAND INSTITUTE OF ENGINEERING & TECHNOLOGY,MECHANICAL ENGINEERING,Punjab
229,LUDHIANA GROUP OF COLLEGES,CIVIL ENGINEERING,Punjab
230,LUDHIANA GROUP OF COLLEGES,COMPUTER SCIENCE & ENGINEERING,Punjab
231,LUDHIANA GROUP OF COLLEGES,ELECTRICAL ENGINEERING,Punjab
232,LUDHIANA GROUP OF COLLEGES,MECHANICAL ENGINEERING,Punjab
233,LUDHIANA GROUP OF COLLEGES,MBA,Punjab
234,LUDHIANA GROUP OF COLLEGES,MASTER OF COMPUTER APPLICATIONS,Punjab
235,GOLDEN COLLEGE OF ENGINEERING & TECHNOLOGY,CIVIL ENGINEERING,Punjab
236,GOLDEN COLLEGE OF ENGINEERING & TECHNOLOGY,COMPUTER SCIENCE & ENGINEERING,Punjab
237,GOLDEN COLLEGE OF ENGINEERING & TECHNOLOGY,MECHANICAL ENGINEERING,Punjab
238,GOLDEN COLLEGE OF ENGINEERING & TECHNOLOGY,COMPUTER SCIENCE & ENGINEERING,Punjab
239,GOLDEN COLLEGE OF ENGINEERING & TECHNOLOGY,ELECTRONICS & COMMUNICATION ENGG,Punjab
240,GOLDEN COLLEGE OF ENGINEERING & TECHNOLOGY,CIVIL ENGINEERING,Punjab
241,GOLDEN COLLEGE OF ENGINEERING & TECHNOLOGY,COMPUTER SCIENCE & ENGINEERING,Punjab
242,GOLDEN COLLEGE OF ENGINEERING & TECHNOLOGY,ELECTRICAL ENGINEERING,Punjab
243,GOLDEN COLLEGE OF ENGINEERING & TECHNOLOGY,ELECTRONICS AND COMMUNICATIONS ENGINEERING,Punjab
244,GOLDEN COLLEGE OF ENGINEERING & TECHNOLOGY,MECHANICAL ENGINEERING,Punjab
245,M K EDUCATION SOCIETIE'S GROUP OF INSTITUTIONS,CIVIL ENGINEERING,Punjab
246,M K EDUCATION SOCIETIE'S GROUP OF INSTITUTIONS,MECHANICAL ENGINEERING,Punjab
247,M K EDUCATION SOCIETIE'S GROUP OF INSTITUTIONS,CIVIL ENGINEERING,Punjab
248,M K EDUCATION SOCIETIE'S GROUP OF INSTITUTIONS,COMPUTER SCIENCE & ENGINEERING,Punjab
249,M K EDUCATION SOCIETIE'S GROUP OF INSTITUTIONS,ELECTRONICS & COMMUNICATION ENGG,Punjab
250,M K EDUCATION SOCIETIE'S GROUP OF INSTITUTIONS,MECHANICAL ENGINEERING,Punjab
251,M K EDUCATION SOCIETIE'S GROUP OF INSTITUTIONS,MBA,Punjab
252,SRI SAI COLLEGE OF ENGG. & TECH,COMPUTER SCIENCE & ENGINEERING,Punjab
253,SRI SAI COLLEGE OF ENGG. & TECH,ELECTRONICS AND COMMUNICATIONS ENGINEERING,Punjab
254,SRI SAI COLLEGE OF ENGG. & TECH,POWER SYSTEMS,Punjab
255,SRI SAI COLLEGE OF ENGG. & TECH,PRODUCTION ENGINEERING,Punjab
256,SRI SAI COLLEGE OF ENGG. & TECH,SOIL MECHANICS AND FOUNDATION ENGINEERING,Punjab
257,SRI SAI COLLEGE OF ENGG. & TECH,STRUCTURAL DESIGN,Punjab
258,SRI SAI COLLEGE OF ENGG. & TECH,CIVIL ENGINEERING,Punjab
259,SRI SAI COLLEGE OF ENGG. & TECH,COMPUTER SCIENCE & ENGINEERING,Punjab
260,SRI SAI COLLEGE OF ENGG. & TECH,ELECTRICAL ENGINEERING,Punjab
261,SRI SAI COLLEGE OF ENGG. & TECH,ELECTRONICS AND COMMUNICATIONS ENGINEERING,Punjab
262,SRI SAI COLLEGE OF ENGG. & TECH,MECHANICAL ENGINEERING,Punjab
263,SRI SAI COLLEGE OF ENGG. & TECH,MBA,Punjab
264,SRI SAI COLLEGE OF ENGG. & TECH,MASTERS IN COMPUTER APPLICATIONS,Punjab
265,S.SUKHJINDER SINGH ENGINEERING & TECHNOLOGY COLLEGE,COMPUTER SCIENCE & ENGINEERING,Punjab
266,S.SUKHJINDER SINGH ENGINEERING & TECHNOLOGY COLLEGE,MECHANICAL ENGINEERING,Punjab
267,S.SUKHJINDER SINGH ENGINEERING & TECHNOLOGY COLLEGE,CIVIL ENGINEERING,Punjab
268,S.SUKHJINDER SINGH ENGINEERING & TECHNOLOGY COLLEGE,COMPUTER SCIENCE & ENGINEERING,Punjab
269,S.SUKHJINDER SINGH ENGINEERING & TECHNOLOGY COLLEGE,ELECTRONICS & COMMUNICATION ENGG,Punjab
270,S.SUKHJINDER SINGH ENGINEERING & TECHNOLOGY COLLEGE,MECHANICAL ENGINEERING,Punjab
271,S.SUKHJINDER SINGH ENGINEERING & TECHNOLOGY COLLEGE,MBA,Punjab
272,S.SUKHJINDER SINGH ENGINEERING & TECHNOLOGY COLLEGE,MASTERS IN COMPUTER APPLICATIONS,Punjab
273,DEPARTMENT OF MECHANICAL ENGINEERING,M.TECH.,Punjab
274,DEPARTMENT OF MECHANICAL ENGINEERING,B.TECH.,Punjab
275,AMAN BHALLA INSTITUTE OF ENGINEERING AND TECHNOLOGY,CIVIL ENGINEERING,Punjab
276,AMAN BHALLA INSTITUTE OF ENGINEERING AND TECHNOLOGY,COMPUTER SCIENCE & ENGINEERING,Punjab
277,AMAN BHALLA INSTITUTE OF ENGINEERING AND TECHNOLOGY,ELECTRONICS AND COMMUNICATIONS ENGINEERING,Punjab
278,AMAN BHALLA INSTITUTE OF ENGINEERING AND TECHNOLOGY,MECHANICAL ENGINEERING,Punjab
279,"UNIVERSITY INSTITUTE OF ENGINEERING (UIE), GHARUAN",COMPUTER SCIENCE & ENGINEERING,Punjab
280,"UNIVERSITY INSTITUTE OF ENGINEERING (UIE), GHARUAN",ELECTRONICS & COMMUNICATION ENGG,Punjab
281,"UNIVERSITY INSTITUTE OF ENGINEERING (UIE), GHARUAN",CHEMICAL ENGINEERING,Punjab
282,"UNIVERSITY INSTITUTE OF ENGINEERING (UIE), GHARUAN",CIVIL ENGINEERING,Punjab
283,"UNIVERSITY INSTITUTE OF ENGINEERING (UIE), GHARUAN",COMPUTER SCIENCE AND ENGINEERING,Punjab
284,"UNIVERSITY INSTITUTE OF ENGINEERING (UIE), GHARUAN",ELECTRONICS & COMMUNICATION ENGG,Punjab
285,"UNIVERSITY INSTITUTE OF ENGINEERING (UIE), GHARUAN",MECHANICAL ENGINEERING,Punjab
286,"UNIVERSITY INSTITUTE OF ENGINEERING (UIE), GHARUAN",PETROLEUM ENGINEERING,Punjab
287,"UNIVERSITY INSTITUTE OF ENGINEERING (UIE), GHARUAN",MBA,Punjab
288,RAMGARHIA INSTITUTE OF ENGINEERING & TECHNOLOGY,CIVIL ENGINEERING,Punjab
289,RAMGARHIA INSTITUTE OF ENGINEERING & TECHNOLOGY,COMPUTER SCIENCE AND ENGINEERING,Punjab
290,RAMGARHIA INSTITUTE OF ENGINEERING & TECHNOLOGY,ELECTRONICS & COMMUNICATION ENGG,Punjab
291,RAMGARHIA INSTITUTE OF ENGINEERING & TECHNOLOGY,PRODUCTION ENGINEERING,Punjab
292,RAMGARHIA INSTITUTE OF ENGINEERING & TECHNOLOGY,CIVIL ENGINEERING,Punjab
293,RAMGARHIA INSTITUTE OF ENGINEERING & TECHNOLOGY,COMPUTER SCIENCE AND ENGINEERING,Punjab
294,RAMGARHIA INSTITUTE OF ENGINEERING & TECHNOLOGY,ELECTRONICS & COMMUNICATION ENGG,Punjab
295,RAMGARHIA INSTITUTE OF ENGINEERING & TECHNOLOGY,INFORMATION TECHNOLOGY,Punjab
296,RAMGARHIA INSTITUTE OF ENGINEERING & TECHNOLOGY,MECHANICAL ENGINEERING,Punjab
297,RAMGARHIA INSTITUTE OF ENGINEERING & TECHNOLOGY,MBA,Punjab
298,RAMGARHIA INSTITUTE OF ENGINEERING & TECHNOLOGY,MASTERS IN COMPUTER APPLICATIONS,Punjab
299,"DESH BHAGAT FOUNDATION GROUP OF INSTITUTIONS, FEROZPUR ROAD MOGA",CIVIL ENGINEERING,Punjab
300,"DESH BHAGAT FOUNDATION GROUP OF INSTITUTIONS, FEROZPUR ROAD MOGA",COMPUTER SCIENCE AND ENGINEERING,Punjab
301,"DESH BHAGAT FOUNDATION GROUP OF INSTITUTIONS, FEROZPUR ROAD MOGA",ELECTRONICS & COMMUNICATION ENGG,Punjab
302,"DESH BHAGAT FOUNDATION GROUP OF INSTITUTIONS, FEROZPUR ROAD MOGA",MECHANICAL ENGINEERING,Punjab
303,"DESH BHAGAT FOUNDATION GROUP OF INSTITUTIONS, FEROZPUR ROAD MOGA",MBA,Punjab
304,TAWI ENGINEERING COLLEGE,CIVIL ENGINEERING,Punjab
305,TAWI ENGINEERING COLLEGE,COMPUTER SCIENCE & ENGINEERING,Punjab
306,TAWI ENGINEERING COLLEGE,ELECTRICAL ENGINEERING,Punjab
307,TAWI ENGINEERING COLLEGE,ELECTRONICS & COMMUNICATION ENGG,Punjab
308,TAWI ENGINEERING COLLEGE,MECHANICAL ENGINEERING,Punjab
309,QUEST INFOSYS FOUNDATION GROUP OF INSTITUTIONS,CIVIL ENGINEERING,Punjab
310,QUEST INFOSYS FOUNDATION GROUP OF INSTITUTIONS,COMPUTER SCIENCE AND ENGINEERING,Punjab
311,QUEST INFOSYS FOUNDATION GROUP OF INSTITUTIONS,MECHANICAL ENGINEERING,Punjab
312,QUEST INFOSYS FOUNDATION GROUP OF INSTITUTIONS,MBA,Punjab
313,SANT LONGOWAL INSTITUTE OF ENGINEERING & TECHNOLOGY,CHEMICAL TECHNOLOGY,Punjab
314,SANT LONGOWAL INSTITUTE OF ENGINEERING & TECHNOLOGY,CIVIL ENGINEERING,Punjab
315,SANT LONGOWAL INSTITUTE OF ENGINEERING & TECHNOLOGY,COMPUTER SCIENCE & ENGINEERING,Punjab
316,SANT LONGOWAL INSTITUTE OF ENGINEERING & TECHNOLOGY,ELECTRICAL ENGINEERING,Punjab
317,SANT LONGOWAL INSTITUTE OF ENGINEERING & TECHNOLOGY,ELECTRONICS & COMMUNICATION ENGG,Punjab
318,SANT LONGOWAL INSTITUTE OF ENGINEERING & TECHNOLOGY,FOOD TECHNOLOGY,Punjab
319,SANT LONGOWAL INSTITUTE OF ENGINEERING & TECHNOLOGY,INSTRUMENTATION & PROCESS CONTROL,Punjab
320,SANT LONGOWAL INSTITUTE OF ENGINEERING & TECHNOLOGY,MECHANICAL ENGINEERING,Punjab
321,SANT LONGOWAL INSTITUTE OF ENGINEERING & TECHNOLOGY,CHEMICAL ENGINEERING,Punjab
322,SANT LONGOWAL INSTITUTE OF ENGINEERING & TECHNOLOGY,COMPUTER SCIENCE & ENGINEERING,Punjab
323,SANT LONGOWAL INSTITUTE OF ENGINEERING & TECHNOLOGY,ELECTRONICS & COMMUNICATION ENGG,Punjab
324,SANT LONGOWAL INSTITUTE OF ENGINEERING & TECHNOLOGY,FOOD ENGINEERING AND TECHNOLOGY,Punjab
325,SANT LONGOWAL INSTITUTE OF ENGINEERING & TECHNOLOGY,INSTRUMENTATION AND CONTROL ENGINEERING,Punjab
326,SANT LONGOWAL INSTITUTE OF ENGINEERING & TECHNOLOGY,MANUFACTURING SYSTEMS ENGINEERING,Punjab
327,SANT LONGOWAL INSTITUTE OF ENGINEERING & TECHNOLOGY,MECHANICAL WELDING AND SHEET METAL ENGINEERING,Punjab
328,SANT LONGOWAL INSTITUTE OF ENGINEERING & TECHNOLOGY,CHEMICAL ENGINEERING,Punjab
329,SANT LONGOWAL INSTITUTE OF ENGINEERING & TECHNOLOGY,COMPUTER SCIENCE & ENGINEERING,Punjab
330,SANT LONGOWAL INSTITUTE OF ENGINEERING & TECHNOLOGY,ELECTRICAL ENGINEERING,Punjab
331,SANT LONGOWAL INSTITUTE OF ENGINEERING & TECHNOLOGY,ELECTRONICS AND COMMUNICATIONS ENGINEERING,Punjab
332,SANT LONGOWAL INSTITUTE OF ENGINEERING & TECHNOLOGY,FOOD TECHNOLOGY,Punjab
333,SANT LONGOWAL INSTITUTE OF ENGINEERING & TECHNOLOGY,INSTRUMENTATION AND CONTROL ENGINEERING,Punjab
334,SANT LONGOWAL INSTITUTE OF ENGINEERING & TECHNOLOGY,MECHANICAL ENGINEERING,Punjab
335,"BABA KUMA SINGH JI ENGG COLLEGE,AMRITSAR",COMPUTER SCIENCE AND ENGINEERING,Punjab
336,"BABA KUMA SINGH JI ENGG COLLEGE,AMRITSAR",MECHANICAL ENGINEERING,Punjab
337,"BABA KUMA SINGH JI ENGG COLLEGE,AMRITSAR",CIVIL ENGINEERING,Punjab
338,"BABA KUMA SINGH JI ENGG COLLEGE,AMRITSAR",COMPUTER SCIENCE AND ENGINEERING,Punjab
339,"BABA KUMA SINGH JI ENGG COLLEGE,AMRITSAR",ELECTRICAL AND ELECTRONICS ENGINEERING,Punjab
340,"BABA KUMA SINGH JI ENGG COLLEGE,AMRITSAR",ELECTRONICS AND COMMUNICATIONS ENGINEERING,Punjab
341,"BABA KUMA SINGH JI ENGG COLLEGE,AMRITSAR",INFORMATION TECHNOLOGY,Punjab
342,"BABA KUMA SINGH JI ENGG COLLEGE,AMRITSAR",MECHANICAL ENGINEERING,Punjab
343,"UNIVERSITY INSTITUTE OF EMERGING TECHNOLOGIES (UIET), GHARUAN",COMPUTER SCIENCE & ENGINEERING,Punjab
344,"UNIVERSITY INSTITUTE OF EMERGING TECHNOLOGIES (UIET), GHARUAN",ELECTRONICS & COMMUNICATION ENGG,Punjab
345,"UNIVERSITY INSTITUTE OF EMERGING TECHNOLOGIES (UIET), GHARUAN",AUTOMOBILE ENGINEERING,Punjab
346,"UNIVERSITY INSTITUTE OF EMERGING TECHNOLOGIES (UIET), GHARUAN",CIVIL ENGINEERING,Punjab
347,"UNIVERSITY INSTITUTE OF EMERGING TECHNOLOGIES (UIET), GHARUAN",COMPUTER SCIENCE & ENGINEERING,Punjab
348,"UNIVERSITY INSTITUTE OF EMERGING TECHNOLOGIES (UIET), GHARUAN",ELECTRICAL ENGINEERING,Punjab
349,"UNIVERSITY INSTITUTE OF EMERGING TECHNOLOGIES (UIET), GHARUAN",ELECTRONICS AND COMMUNICATIONS ENGINEERING,Punjab
350,"UNIVERSITY INSTITUTE OF EMERGING TECHNOLOGIES (UIET), GHARUAN",MECHANICAL ENGINEERING,Punjab
351,"UNIVERSITY INSTITUTE OF EMERGING TECHNOLOGIES (UIET), GHARUAN",MBA,Punjab
352,"UNIVERSITY INSTITUTE OF EMERGING TECHNOLOGIES (UIET), GHARUAN",MASTERS IN COMPUTER APPLICATIONS,Punjab
353,PCTE INSTITUTE OF ENGINEERING AND TECHNOLOGY,CIVIL ENGINEERING,Punjab
354,PCTE INSTITUTE OF ENGINEERING AND TECHNOLOGY,COMPUTER SCIENCE & ENGINEERING,Punjab
355,PCTE INSTITUTE OF ENGINEERING AND TECHNOLOGY,MECHANICAL ENGINEERING,Punjab
356,PCTE INSTITUTE OF ENGINEERING AND TECHNOLOGY,MASTERS OF BUSINESS ADMINISTRATION,Punjab
357,ARYANS COLLEGE OF ENGINEERING (ACE),CIVIL ENGINEERING,Punjab
358,ARYANS COLLEGE OF ENGINEERING (ACE),COMPUTER SCIENCE & ENGINEERING,Punjab
359,ARYANS COLLEGE OF ENGINEERING (ACE),ELECTRICAL ENGINEERING,Punjab
360,ARYANS COLLEGE OF ENGINEERING (ACE),MECHANICAL ENGINEERING,Punjab
361,ARYANS COLLEGE OF ENGINEERING (ACE),CIVIL ENGINEERING,Punjab
362,ARYANS COLLEGE OF ENGINEERING (ACE),COMPUTER SCIENCE & ENGINEERING,Punjab
363,ARYANS COLLEGE OF ENGINEERING (ACE),ELECTRICAL AND ELECTRONICS ENGINEERING,Punjab
364,ARYANS COLLEGE OF ENGINEERING (ACE),ELECTRICAL ENGINEERING,Punjab
365,ARYANS COLLEGE OF ENGINEERING (ACE),ELECTRONICS & COMMUNICATION ENGG,Punjab
366,ARYANS COLLEGE OF ENGINEERING (ACE),MECHANICAL ENGINEERING,Punjab
367,ASRA COLLEGE OF ENGINEERING & TECHNOLOGY,CIVIL ENGINEERING,Punjab
368,ASRA COLLEGE OF ENGINEERING & TECHNOLOGY,COMPUTER SCIENCE & ENGINEERING,Punjab
369,ASRA COLLEGE OF ENGINEERING & TECHNOLOGY,ELECTRONICS AND COMMUNICATIONS ENGINEERING,Punjab
370,ASRA COLLEGE OF ENGINEERING & TECHNOLOGY,MECHANICAL ENGINEERING,Punjab
371,ASRA COLLEGE OF ENGINEERING & TECHNOLOGY,COMPUTER SCIENCE & ENGINEERING,Punjab
372,ASRA COLLEGE OF ENGINEERING & TECHNOLOGY,ELECTRONICS AND COMMUNICATIONS ENGINEERING,Punjab
373,ASRA COLLEGE OF ENGINEERING & TECHNOLOGY,MECHANICAL ENGINEERING,Punjab
374,ASRA COLLEGE OF ENGINEERING & TECHNOLOGY,CIVIL ENGINEERING,Punjab
375,ASRA COLLEGE OF ENGINEERING & TECHNOLOGY,COMPUTER SCIENCE & ENGINEERING,Punjab
376,ASRA COLLEGE OF ENGINEERING & TECHNOLOGY,ELECTRONICS AND COMMUNICATIONS ENGINEERING,Punjab
377,ASRA COLLEGE OF ENGINEERING & TECHNOLOGY,MECHANICAL ENGINEERING,Punjab
378,SWAMI VIVEKANAND INSTITUTE OF ENGG. & TECH.,CIVIL ENGINEERING,Punjab
379,SWAMI VIVEKANAND INSTITUTE OF ENGG. & TECH.,MECHANICAL ENGINEERING,Punjab
380,SWAMI VIVEKANAND INSTITUTE OF ENGG. & TECH.,COMPUTER SCIENCE AND ENGINEERING,Punjab
381,SWAMI VIVEKANAND INSTITUTE OF ENGG. & TECH.,ELECTRONICS & COMMUNICATION ENGG,Punjab
382,SWAMI VIVEKANAND INSTITUTE OF ENGG. & TECH.,MECHANICAL ENGINEERING,Punjab
383,SWAMI VIVEKANAND INSTITUTE OF ENGG. & TECH.,CIVIL ENGINEERING,Punjab
384,SWAMI VIVEKANAND INSTITUTE OF ENGG. & TECH.,COMPUTER SCIENCE AND ENGINEERING,Punjab
385,SWAMI VIVEKANAND INSTITUTE OF ENGG. & TECH.,ELECTRICAL ENGINEERING,Punjab
386,SWAMI VIVEKANAND INSTITUTE OF ENGG. & TECH.,ELECTRONICS & COMMUNICATION ENGG,Punjab
387,SWAMI VIVEKANAND INSTITUTE OF ENGG. & TECH.,MECHANICAL ENGINEERING,Punjab
388,SWAMI VIVEKANAND INSTITUTE OF ENGG. & TECH.,MBA,Punjab
389,SWAMI VIVEKANAND INSTITUTE OF ENGG. & TECH.,MASTERS IN COMPUTER APPLICATIONS,Punjab
390,GGS COLLEGE OF MODERN TECHNOLOGY,CIVIL ENGINEERING,Punjab
391,GGS COLLEGE OF MODERN TECHNOLOGY,COMPUTER SCIENCE AND ENGINEERING,Punjab
392,GGS COLLEGE OF MODERN TECHNOLOGY,ELECTRICAL ENGINEERING,Punjab
393,GGS COLLEGE OF MODERN TECHNOLOGY,ELECTRONICS & COMMUNICATION ENGG,Punjab
394,GGS COLLEGE OF MODERN TECHNOLOGY,MECHANICAL ENGINEERING,Punjab
395,GGS COLLEGE OF MODERN TECHNOLOGY,MBA,Punjab
396,GGS COLLEGE OF MODERN TECHNOLOGY,MASTERS IN COMPUTER APPLICATIONS,Punjab
397,SUKHJINDER TECHNICAL CAMPUS,CIVIL ENGINEERING,Punjab
398,SUKHJINDER TECHNICAL CAMPUS,COMPUTER SCIENCE AND ENGINEERING,Punjab
399,SUKHJINDER TECHNICAL CAMPUS,ELECTRICAL ENGINEERING,Punjab
400,SUKHJINDER TECHNICAL CAMPUS,ELECTRONICS AND COMMUNICATIONS ENGINEERING,Punjab
401,SUKHJINDER TECHNICAL CAMPUS,MECHANICAL ENGINEERING,Punjab
402,SUKHJINDER TECHNICAL CAMPUS,CIVIL ENGINEERING,Punjab
403,SUKHJINDER TECHNICAL CAMPUS,ELECTRICAL ENGINEERING,Punjab
404,SUKHJINDER TECHNICAL CAMPUS,CIVIL ENGINEERING,Punjab
405,SUKHJINDER TECHNICAL CAMPUS,COMPUTER SCIENCE AND ENGINEERING,Punjab
406,SUKHJINDER TECHNICAL CAMPUS,ELECTRICAL ENGINEERING,Punjab
407,SUKHJINDER TECHNICAL CAMPUS,ELECTRONICS AND COMMUNICATIONS ENGINEERING,Punjab
408,SUKHJINDER TECHNICAL CAMPUS,MECHANICAL ENGINEERING,Punjab
409,RAM DEVI JINDAL EDUCATIONAL CHARITABLE SOCIETY GROUP OF INSTIUTIONS,CIVIL ENGINEERING,Punjab
410,RAM DEVI JINDAL EDUCATIONAL CHARITABLE SOCIETY GROUP OF INSTIUTIONS,COMPUTER SCIENCE AND ENGINEERING,Punjab
411,RAM DEVI JINDAL EDUCATIONAL CHARITABLE SOCIETY GROUP OF INSTIUTIONS,MECHANICAL ENGINEERING,Punjab
412,RAM DEVI JINDAL EDUCATIONAL CHARITABLE SOCIETY GROUP OF INSTIUTIONS,MBA,Punjab
413,BHARAT GROUP OF COLLEGES,CIVIL ENGINEERING,Punjab
414,BHARAT GROUP OF COLLEGES,COMPUTER SCIENCE & ENGINEERING,Punjab
415,BHARAT GROUP OF COLLEGES,ELECTRICAL ENGINEERING,Punjab
416,BHARAT GROUP OF COLLEGES,MECHANICAL ENGINEERING,Punjab
417,BHARAT GROUP OF COLLEGES,MBA,Punjab
418,BAHRA GROUP OF INSTITUTION,COMPUTER SCIENCE & ENGINEERING,Punjab
419,BAHRA GROUP OF INSTITUTION,MECHANICAL ENGINEERING,Punjab
420,BAHRA GROUP OF INSTITUTION,CIVIL ENGINEERING,Punjab
421,BAHRA GROUP OF INSTITUTION,COMPUTER SCIENCE & ENGINEERING,Punjab
422,BAHRA GROUP OF INSTITUTION,ELECTRONICS AND COMMUNICATIONS ENGINEERING,Punjab
423,BAHRA GROUP OF INSTITUTION,MECHANICAL ENGINEERING,Punjab
424,BAHRA GROUP OF INSTITUTION,MBA,Punjab
425,BAHRA GROUP OF INSTITUTION,MASTERS IN COMPUTER APPLICATIONS,Punjab
426,GULZAR GROUP OF INSTITUTIONS,COMPUTER SCIENCE & ENGINEERING,Punjab
427,GULZAR GROUP OF INSTITUTIONS,ELECTRONICS & COMMUNICATION ENGG,Punjab
428,GULZAR GROUP OF INSTITUTIONS,CIVIL ENGINEERING,Punjab
429,GULZAR GROUP OF INSTITUTIONS,COMPUTER SCIENCE AND ENGINEERING,Punjab
430,GULZAR GROUP OF INSTITUTIONS,ELECTRONICS & COMMUNICATION ENGG,Punjab
431,GULZAR GROUP OF INSTITUTIONS,MECHANICAL ENGINEERING,Punjab
432,GULZAR GROUP OF INSTITUTIONS,MBA,Punjab
433,"SHAHEED BHAGAT SINGH STATE UNIVERSITY, FEROZEPUR",COMPUTER SCIENCE AND ENGINEERING,Punjab
434,"SHAHEED BHAGAT SINGH STATE UNIVERSITY, FEROZEPUR",ELECTRICAL ENGINEERING,Punjab
435,"SHAHEED BHAGAT SINGH STATE UNIVERSITY, FEROZEPUR",ELECTRONICS AND COMMUNICATIONS ENGINEERING,Punjab
436,"SHAHEED BHAGAT SINGH STATE UNIVERSITY, FEROZEPUR",MECHANICAL ENGINEERING,Punjab
437,"SHAHEED BHAGAT SINGH STATE UNIVERSITY, FEROZEPUR",COMPUTER SCIENCE AND ENGINEERING,Punjab
438,"SHAHEED BHAGAT SINGH STATE UNIVERSITY, FEROZEPUR",ELECTRICAL ENGINEERING,Punjab
439,"SHAHEED BHAGAT SINGH STATE UNIVERSITY, FEROZEPUR",ELECTRONICS & COMMUNICATION ENGG,Punjab
440,"SHAHEED BHAGAT SINGH STATE UNIVERSITY, FEROZEPUR",MECHANICAL ENGINEERING,Punjab
441,"SHAHEED BHAGAT SINGH STATE UNIVERSITY, FEROZEPUR",CHEMICAL ENGINEERING,Punjab
442,"SHAHEED BHAGAT SINGH STATE UNIVERSITY, FEROZEPUR",CIVIL ENGINEERING,Punjab
443,"SHAHEED BHAGAT SINGH STATE UNIVERSITY, FEROZEPUR",COMPUTER SCIENCE AND ENGINEERING,Punjab
444,"SHAHEED BHAGAT SINGH STATE UNIVERSITY, FEROZEPUR",COMPUTER SCIENCE AND ENGINEERING (DATA SCIENCE),Punjab
445,"SHAHEED BHAGAT SINGH STATE UNIVERSITY, FEROZEPUR",ELECTRICAL ENGINEERING,Punjab
446,"SHAHEED BHAGAT SINGH STATE UNIVERSITY, FEROZEPUR",ELECTRONICS & COMMUNICATION ENGG,Punjab
447,"SHAHEED BHAGAT SINGH STATE UNIVERSITY, FEROZEPUR",MECHANICAL ENGINEERING,Punjab
448,"SHAHEED BHAGAT SINGH STATE UNIVERSITY, FEROZEPUR",MASTERS IN COMPUTER APPLICATIONS,Punjab
449,"CHANDIGARH ENGINEERING COLLEGE-CGC, LANDRAN, MOHALI",COMPUTER SCIENCE & ENGINEERING,Punjab
450,"CHANDIGARH ENGINEERING COLLEGE-CGC, LANDRAN, MOHALI",ELECTRONICS & COMMUNICATION ENGG,Punjab
451,"CHANDIGARH ENGINEERING COLLEGE-CGC, LANDRAN, MOHALI",INFORMATION TECHNOLOGY,Punjab
452,"CHANDIGARH ENGINEERING COLLEGE-CGC, LANDRAN, MOHALI",MECHANICAL ENGINEERING,Punjab
453,"CHANDIGARH ENGINEERING COLLEGE-CGC, LANDRAN, MOHALI",ARTIFICIAL INTELLIGENCE (AI)  AND DATA SCIENCE,Punjab
454,"CHANDIGARH ENGINEERING COLLEGE-CGC, LANDRAN, MOHALI",ARTIFICIAL INTELLIGENCE AND MACHINE LEARNING,Punjab
455,"CHANDIGARH ENGINEERING COLLEGE-CGC, LANDRAN, MOHALI",COMPUTER SCIENCE & ENGINEERING,Punjab
456,"CHANDIGARH ENGINEERING COLLEGE-CGC, LANDRAN, MOHALI",ELECTRONICS & COMMUNICATION ENGG,Punjab
457,"CHANDIGARH ENGINEERING COLLEGE-CGC, LANDRAN, MOHALI",INFORMATION TECHNOLOGY,Punjab
458,"CHANDIGARH ENGINEERING COLLEGE-CGC, LANDRAN, MOHALI",MECHANICAL ENGINEERING,Punjab
459,"CHANDIGARH ENGINEERING COLLEGE-CGC, LANDRAN, MOHALI",MBA,Punjab
460,"CHANDIGARH ENGINEERING COLLEGE-CGC, LANDRAN, MOHALI",MASTERS IN COMPUTER APPLICATIONS,Punjab
461,INSTITUTE OF ENGINEERING & TECHNOLOGY-BHADDAL (ROPAR),ELECTRICAL ENGINEERING,Punjab
462,INSTITUTE OF ENGINEERING & TECHNOLOGY-BHADDAL (ROPAR),MECHANICAL ENGINEERING,Punjab
463,INSTITUTE OF ENGINEERING & TECHNOLOGY-BHADDAL (ROPAR),COMPUTER SCIENCE AND ENGINEERING,Punjab
464,INSTITUTE OF ENGINEERING & TECHNOLOGY-BHADDAL (ROPAR),ELECTRICAL ENGINEERING,Punjab
465,INSTITUTE OF ENGINEERING & TECHNOLOGY-BHADDAL (ROPAR),CIVIL ENGINEERING,Punjab
466,INSTITUTE OF ENGINEERING & TECHNOLOGY-BHADDAL (ROPAR),COMPUTER SCIENCE AND ENGINEERING,Punjab
467,INSTITUTE OF ENGINEERING & TECHNOLOGY-BHADDAL (ROPAR),ELECTRICAL ENGINEERING,Punjab
468,INSTITUTE OF ENGINEERING & TECHNOLOGY-BHADDAL (ROPAR),MECHANICAL ENGINEERING,Punjab
469,KCT COLLEGE OF ENGINEERING & TECHNOLOGY,CIVIL ENGINEERING,Punjab
470,KCT COLLEGE OF ENGINEERING & TECHNOLOGY,COMPUTER SCIENCE & ENGINEERING,Punjab
471,KCT COLLEGE OF ENGINEERING & TECHNOLOGY,ELECTRICAL ENGINEERING,Punjab
472,KCT COLLEGE OF ENGINEERING & TECHNOLOGY,ELECTRONICS AND TELECOMMUNICATION ENGINEERING,Punjab
473,KCT COLLEGE OF ENGINEERING & TECHNOLOGY,MECHANICAL ENGINEERING,Punjab
474,GURU NANAK INSTITUTE OF ENGINEERING & MANAGEMENT,CIVIL ENGINEERING,Punjab
475,GURU NANAK INSTITUTE OF ENGINEERING & MANAGEMENT,COMPUTER SCIENCE & ENGINEERING,Punjab
476,GURU NANAK INSTITUTE OF ENGINEERING & MANAGEMENT,ELECTRICAL ENGINEERING,Punjab
477,GURU NANAK INSTITUTE OF ENGINEERING & MANAGEMENT,ELECTRONICS & COMMUNICATION ENGG,Punjab
478,GURU NANAK INSTITUTE OF ENGINEERING & MANAGEMENT,MECHANICAL ENGINEERING,Punjab
479,RAYAT BAHRA INSTITUTE OF ENGINEERING AND NANO-TECHNOLOGY,CIVIL ENGINEERING,Punjab
480,RAYAT BAHRA INSTITUTE OF ENGINEERING AND NANO-TECHNOLOGY,COMPUTER SCIENCE AND ENGINEERING,Punjab
481,RAYAT BAHRA INSTITUTE OF ENGINEERING AND NANO-TECHNOLOGY,ELECTRONICS & COMMUNICATION ENGG,Punjab
482,RAYAT BAHRA INSTITUTE OF ENGINEERING AND NANO-TECHNOLOGY,INFORMATION TECHNOLOGY,Punjab
483,RAYAT BAHRA INSTITUTE OF ENGINEERING AND NANO-TECHNOLOGY,MECHANICAL ENGINEERING,Punjab
484,THAPAR INSTITUTE OF ENGINEERING AND TECHNOLOGY,BIOTECHNOLOGY,Punjab
485,THAPAR INSTITUTE OF ENGINEERING AND TECHNOLOGY,CAD/CAM ENGINEERING,Punjab
486,THAPAR INSTITUTE OF ENGINEERING AND TECHNOLOGY,COMPUTER SCIENCE & ENGINEERING,Punjab
487,THAPAR INSTITUTE OF ENGINEERING AND TECHNOLOGY,ELECTRONICS AND COMMUNICATIONS ENGINEERING,Punjab
488,THAPAR INSTITUTE OF ENGINEERING AND TECHNOLOGY,ENVIRONMENTAL SCIENCE AND TECHNOLOGY,Punjab
489,THAPAR INSTITUTE OF ENGINEERING AND TECHNOLOGY,INFRASTRUCTURE ENGINEERING,Punjab
490,THAPAR INSTITUTE OF ENGINEERING AND TECHNOLOGY,POWER SYSTEMS,Punjab
491,THAPAR INSTITUTE OF ENGINEERING AND TECHNOLOGY,SOFTWARE ENGINEERING,Punjab
492,THAPAR INSTITUTE OF ENGINEERING AND TECHNOLOGY,STRUCTURAL ENGINEERING,Punjab
493,THAPAR INSTITUTE OF ENGINEERING AND TECHNOLOGY,THERMAL ENGINEERING,Punjab
494,THAPAR INSTITUTE OF ENGINEERING AND TECHNOLOGY,VLSI DESIGN,Punjab
495,THAPAR INSTITUTE OF ENGINEERING AND TECHNOLOGY,BIOMEDICAL ENGINEERING,Punjab
496,THAPAR INSTITUTE OF ENGINEERING AND TECHNOLOGY,BIOTECHNOLOGY,Punjab
497,THAPAR INSTITUTE OF ENGINEERING AND TECHNOLOGY,CHEMICAL ENGINEERING,Punjab
498,THAPAR INSTITUTE OF ENGINEERING AND TECHNOLOGY,CIVIL ENGINEERING,Punjab
499,THAPAR INSTITUTE OF ENGINEERING AND TECHNOLOGY,COMPUTER ENGINEERING,Punjab
500,THAPAR INSTITUTE OF ENGINEERING AND TECHNOLOGY,COMPUTER SCIENCE AND BUSINESS SYSTEM,Punjab
501,THAPAR INSTITUTE OF ENGINEERING AND TECHNOLOGY,COMPUTER SCIENCE AND ENGINEERING,Punjab
502,THAPAR INSTITUTE OF ENGINEERING AND TECHNOLOGY,ELECTRICAL AND COMPUTER ENGINEERING,Punjab
503,THAPAR INSTITUTE OF ENGINEERING AND TECHNOLOGY,ELECTRICAL ENGINEERING,Punjab
504,THAPAR INSTITUTE OF ENGINEERING AND TECHNOLOGY,ELECTRONICS AND COMMUNICATIONS ENGINEERING,Punjab
505,THAPAR INSTITUTE OF ENGINEERING AND TECHNOLOGY,ELECTRONICS AND COMPUTER ENGINEERING,Punjab
506,THAPAR INSTITUTE OF ENGINEERING AND TECHNOLOGY,ELECTRONICS INSTRUMENTATION AND CONTROL ENGINEERING,Punjab
507,THAPAR INSTITUTE OF ENGINEERING AND TECHNOLOGY,MECHANICAL ENGINEERING,Punjab
508,THAPAR INSTITUTE OF ENGINEERING AND TECHNOLOGY,MECHATRONICS,Punjab
509,THAPAR INSTITUTE OF ENGINEERING AND TECHNOLOGY,MASTERS IN COMPUTER APPLICATIONS,Punjab
510,UNIVERSITY INSTITUTE OF ENGINEERING AND TECHNOLOGY,AEROSPACE ENGINEERING,Punjab
511,UNIVERSITY INSTITUTE OF ENGINEERING AND TECHNOLOGY,BIOTECHNOLOGY,Punjab
512,UNIVERSITY INSTITUTE OF ENGINEERING AND TECHNOLOGY,FOOD ENGINEERING AND TECHNOLOGY,Punjab
513,UNIVERSITY INSTITUTE OF ENGINEERING AND TECHNOLOGY,INFORMATION TECHNOLOGY,Punjab
514,UNIVERSITY INSTITUTE OF ENGINEERING AND TECHNOLOGY,MECHATRONICS ENGINEERING,Punjab
515,CT INSTITUTE OF TECHNOLOGY & RESEARCH,COMPUTER SCIENCE & ENGINEERING,Punjab
516,CT INSTITUTE OF TECHNOLOGY & RESEARCH,ELECTRONICS AND COMMUNICATIONS ENGINEERING,Punjab
517,CT INSTITUTE OF TECHNOLOGY & RESEARCH,ARTIFICIAL INTELLIGENCE AND DATA SCIENCE,Punjab
518,CT INSTITUTE OF TECHNOLOGY & RESEARCH,COMPUTER SCIENCE & ENGINEERING,Punjab
519,CT INSTITUTE OF TECHNOLOGY & RESEARCH,COMPUTER SCIENCE AND ENGINEERING (CYBER SECURITY),Punjab
520,BIS COLLEGE OF ENGINEERING & TECHNOLOGY,CIVIL ENGINEERING,Punjab
521,BIS COLLEGE OF ENGINEERING & TECHNOLOGY,COMPUTER SCIENCE AND ENGINEERING,Punjab
522,BIS COLLEGE OF ENGINEERING & TECHNOLOGY,ELECTRONICS & COMMUNICATION ENGG,Punjab
523,BIS COLLEGE OF ENGINEERING & TECHNOLOGY,MECHANICAL ENGINEERING,Punjab
524,BIS COLLEGE OF ENGINEERING & TECHNOLOGY,MBA,Punjab
525,CGC  COLLEGE OF ENGINEERING,COMPUTER SCIENCE & ENGINEERING,Punjab
526,CGC  COLLEGE OF ENGINEERING,ELECTRONICS AND COMMUNICATIONS ENGINEERING,Punjab
527,CGC  COLLEGE OF ENGINEERING,ARTIFICIAL INTELLIGENCE (AI) AND DATA SCIENCE,Punjab
528,CGC  COLLEGE OF ENGINEERING,ARTIFICIAL INTELLIGENCE AND MACHINE LEARNING,Punjab
529,CGC  COLLEGE OF ENGINEERING,COMPUTER SCIENCE & ENGINEERING,Punjab
530,CGC  COLLEGE OF ENGINEERING,COMPUTER SCIENCE AND ENGINEERING,Punjab
531,CGC  COLLEGE OF ENGINEERING,MBA(GENERAL MANAGEMENT),Punjab
532,GLOBAL COLLEGE OF ENGINEERING AND TECHNOLOGY,CIVIL ENGINEERING,Punjab
533,GLOBAL COLLEGE OF ENGINEERING AND TECHNOLOGY,COMPUTER SCIENCE AND ENGINEERING,Punjab
534,GLOBAL COLLEGE OF ENGINEERING AND TECHNOLOGY,MECHANICAL ENGINEERING,Punjab
535,BABA BANDA SINGH BAHADUR ENGINEERING COLLEGE,COMPUTER SCIENCE AND ENGINEERING,Punjab
536,BABA BANDA SINGH BAHADUR ENGINEERING COLLEGE,ELECTRONICS & COMMUNICATION ENGG,Punjab
537,BABA BANDA SINGH BAHADUR ENGINEERING COLLEGE,M.Tech. Mechanical Engineering,Punjab
538,BABA BANDA SINGH BAHADUR ENGINEERING COLLEGE,POWER SYSTEMS,Punjab
539,BABA BANDA SINGH BAHADUR ENGINEERING COLLEGE,AGRICULTURE ENGINEERING,Punjab
540,BABA BANDA SINGH BAHADUR ENGINEERING COLLEGE,CIVIL ENGINEERING,Punjab
541,BABA BANDA SINGH BAHADUR ENGINEERING COLLEGE,COMPUTER SCIENCE & ENGINEERING,Punjab
542,BABA BANDA SINGH BAHADUR ENGINEERING COLLEGE,ELECTRICAL ENGINEERING,Punjab
543,BABA BANDA SINGH BAHADUR ENGINEERING COLLEGE,ELECTRONICS & COMMUNICATION ENGG,Punjab
544,BABA BANDA SINGH BAHADUR ENGINEERING COLLEGE,MECHANICAL ENGINEERING,Punjab
545,BABA BANDA SINGH BAHADUR ENGINEERING COLLEGE,MBA,Punjab
546,DOABA INSTITUTE OF ENGG. & TECH.,ELECTRONICS & COMMUNICATION ENGG,Punjab
547,DOABA INSTITUTE OF ENGG. & TECH.,CIVIL ENGINEERING,Punjab
548,DOABA INSTITUTE OF ENGG. & TECH.,COMPUTER SCIENCE AND ENGINEERING,Punjab
549,DOABA INSTITUTE OF ENGG. & TECH.,ELECTRONICS & COMMUNICATION ENGG,Punjab
550,DOABA INSTITUTE OF ENGG. & TECH.,INFORMATION TECHNOLOGY,Punjab
551,DOABA INSTITUTE OF ENGG. & TECH.,MECHANICAL ENGINEERING,Punjab
552,DOABA INSTITUTE OF ENGG. & TECH.,MBA,Punjab
553,"KHALSA COLLEGE OF ENGINEERING & TECHNOLOGY, AMRITSAR",CIVIL ENGINEERING,Punjab
554,"KHALSA COLLEGE OF ENGINEERING & TECHNOLOGY, AMRITSAR",COMPUTER SCIENCE AND ENGINEERING,Punjab
555,"KHALSA COLLEGE OF ENGINEERING & TECHNOLOGY, AMRITSAR",MECHANICAL ENGINEERING,Punjab
556,"KHALSA COLLEGE OF ENGINEERING & TECHNOLOGY, AMRITSAR",ARTIFICIAL INTELLIGENCE AND MACHINE LEARNING,Punjab
557,"KHALSA COLLEGE OF ENGINEERING & TECHNOLOGY, AMRITSAR",CIVIL ENGINEERING,Punjab
558,"KHALSA COLLEGE OF ENGINEERING & TECHNOLOGY, AMRITSAR",COMPUTER SCIENCE AND ENGINEERING,Punjab
559,"KHALSA COLLEGE OF ENGINEERING & TECHNOLOGY, AMRITSAR",ELECTRONICS AND COMMUNICATIONS ENGINEERING,Punjab
560,"KHALSA COLLEGE OF ENGINEERING & TECHNOLOGY, AMRITSAR",MECHANICAL ENGINEERING,Punjab
561,AMRITSAR GROUP OF COLLEGES,CIVIL ENGINEERING,Punjab
562,AMRITSAR GROUP OF COLLEGES,COMPUTER SCIENCE & ENGINEERING,Punjab
563,AMRITSAR GROUP OF COLLEGES,ARTIFICIAL INTELLIGENCE AND MACHINE LEARNING,Punjab
564,AMRITSAR GROUP OF COLLEGES,CIVIL ENGINEERING,Punjab
565,AMRITSAR GROUP OF COLLEGES,COMPUTER SCIENCE AND ENGINEERING,Punjab
566,AMRITSAR GROUP OF COLLEGES,ELECTRICAL ENGINEERING,Punjab
567,AMRITSAR GROUP OF COLLEGES,MECHANICAL ENGINEERING,Punjab
568,AMRITSAR GROUP OF COLLEGES,MBA,Punjab
569,AMRITSAR GROUP OF COLLEGES,MASTERS IN COMPUTER APPLICATIONS,Punjab
570,AMRITSAR GROUP OF COLLEGES,PHARMACY,Punjab
571,AMRITSAR GROUP OF COLLEGES,PHARMACY,Punjab
572,SUS ENGINEERING COLLEGE,CIVIL ENGINEERING,Punjab
573,SUS ENGINEERING COLLEGE,COMPUTER SCIENCE AND ENGINEERING,Punjab
574,SUS ENGINEERING COLLEGE,ELECTRICAL AND ELECTRONICS ENGINEERING,Punjab
575,SUS ENGINEERING COLLEGE,ELECTRONICS & COMMUNICATION ENGG,Punjab
576,BHUTTA COLLEGE OF ENGINEERING & TECHNOLOGY,COMPUTER SCIENCE & ENGINEERING,Punjab
577,BHUTTA COLLEGE OF ENGINEERING & TECHNOLOGY,ELECTRICAL ENGINEERING,Punjab
578,BHUTTA COLLEGE OF ENGINEERING & TECHNOLOGY,ELECTRONICS & COMMUNICATION ENGG,Punjab
579,BHUTTA COLLEGE OF ENGINEERING & TECHNOLOGY,MECHANICAL ENGINEERING,Punjab
580,BHUTTA COLLEGE OF ENGINEERING & TECHNOLOGY,MBA,Punjab
581,"DOABA KHALSA TRUST GROUP OF INSTITUTIONS,1.FACULTY OF ENGINEERING,2.FACULTY OF MANAGEMENT",CIVIL ENGINEERING,Punjab
582,"DOABA KHALSA TRUST GROUP OF INSTITUTIONS,1.FACULTY OF ENGINEERING,2.FACULTY OF MANAGEMENT",COMPUTER SCIENCE AND ENGINEERING,Punjab
583,"DOABA KHALSA TRUST GROUP OF INSTITUTIONS,1.FACULTY OF ENGINEERING,2.FACULTY OF MANAGEMENT",ELECTRICAL ENGINEERING,Punjab
584,"DOABA KHALSA TRUST GROUP OF INSTITUTIONS,1.FACULTY OF ENGINEERING,2.FACULTY OF MANAGEMENT",ELECTRONICS & COMMUNICATION ENGG,Punjab
585,"DOABA KHALSA TRUST GROUP OF INSTITUTIONS,1.FACULTY OF ENGINEERING,2.FACULTY OF MANAGEMENT",MECHANICAL ENGINEERING,Punjab
586,"DOABA KHALSA TRUST GROUP OF INSTITUTIONS,1.FACULTY OF ENGINEERING,2.FACULTY OF MANAGEMENT",MBA,Punjab
587,BHAI GURDAS INSTITUTE OF ENGINEERING & TECHNOLOGY,CIVIL ENGINEERING,Punjab
588,BHAI GURDAS INSTITUTE OF ENGINEERING & TECHNOLOGY,COMPUTER SCIENCE & ENGINEERING,Punjab
589,BHAI GURDAS INSTITUTE OF ENGINEERING & TECHNOLOGY,ELECTRICAL ENGINEERING,Punjab
590,BHAI GURDAS INSTITUTE OF ENGINEERING & TECHNOLOGY,ELECTRONICS & COMMUNICATION ENGG,Punjab
591,BHAI GURDAS INSTITUTE OF ENGINEERING & TECHNOLOGY,MECHANICAL ENGINEERING,Punjab
592,BHAI GURDAS INSTITUTE OF ENGINEERING & TECHNOLOGY,PROCESS AND FOOD ENGINEERING,Punjab
593,BHAI GURDAS INSTITUTE OF ENGINEERING & TECHNOLOGY,ARTIFICIAL INTELLIGENCE AND MACHINE LEARNING,Punjab
594,BHAI GURDAS INSTITUTE OF ENGINEERING & TECHNOLOGY,CIVIL ENGINEERING,Punjab
595,BHAI GURDAS INSTITUTE OF ENGINEERING & TECHNOLOGY,COMPUTER SCIENCE & ENGINEERING,Punjab
596,BHAI GURDAS INSTITUTE OF ENGINEERING & TECHNOLOGY,ELECTRICAL ENGINEERING,Punjab
597,BHAI GURDAS INSTITUTE OF ENGINEERING & TECHNOLOGY,ELECTRONICS & COMMUNICATION ENGG,Punjab
598,BHAI GURDAS INSTITUTE OF ENGINEERING & TECHNOLOGY,FOOD TECHNOLOGY,Punjab
599,BHAI GURDAS INSTITUTE OF ENGINEERING & TECHNOLOGY,INFORMATION TECHNOLOGY,Punjab
600,BHAI GURDAS INSTITUTE OF ENGINEERING & TECHNOLOGY,MECHANICAL ENGINEERING,Punjab
601,BHAI GURDAS INSTITUTE OF ENGINEERING & TECHNOLOGY,MBA,Punjab
602,L M THAPAR SCHOOL OF MANAGEMENT,COMPUTER SCIENCE & ENGINEERING,Punjab
603,L M THAPAR SCHOOL OF MANAGEMENT,MBA,Punjab